"","case_id","origin_case_id","date","age","gender","city","province/state","country","current_status","source","symptoms","date_onset_symptoms","date_admission_hospital","date_confirmation","underlying_conditions","travel_history_dates","travel_history_location","death_date","notes_for_discussion"
"1",1,NA,2020-03-13,49,"female","Conakry",NA,"Guinea","Alive","https://www.aa.com.tr/en/africa/guinea-reports-first-confirmed-covid-19-case/1765526",NA,NA,NA,2020-03-13,NA,"2020/03/03","Belgium, France",NA,NA
"2",2,NA,2020-03-18,NA,"female",NA,NA,"Guinea","Alive","https://apanews.net/en/news/guinea-reports-second-covid-19-case",NA,NA,NA,2020-03-18,NA,"2020/03/07","Italy",NA,NA
"3",3,NA,NA,NA,NA,NA,NA,"Guinea","Alive","https://www.osac.gov/Content/Report/d977b9ce-f10f-4a60-acf9-184c9fa76d6d",NA,NA,NA,NA,NA,NA,NA,NA,NA
"4",4,NA,NA,NA,NA,NA,NA,"Guinea","Alive","https://www.osac.gov/Content/Report/d977b9ce-f10f-4a60-acf9-184c9fa76d6d",NA,NA,NA,NA,NA,NA,NA,NA,NA
"5",5,NA,NA,NA,NA,NA,NA,"Guinea","Alive","https://www.osac.gov/Content/Report/d977b9ce-f10f-4a60-acf9-184c9fa76d6d",NA,NA,NA,NA,NA,NA,NA,NA,NA
"6",6,NA,NA,NA,NA,NA,NA,"Guinea","Alive","https://www.osac.gov/Content/Report/d977b9ce-f10f-4a60-acf9-184c9fa76d6d",NA,NA,NA,NA,NA,NA,NA,NA,NA
"7",7,NA,NA,NA,NA,NA,NA,"Guinea","Alive","https://www.osac.gov/Content/Report/d977b9ce-f10f-4a60-acf9-184c9fa76d6d",NA,NA,NA,NA,NA,NA,NA,NA,NA
"8",8,NA,NA,NA,NA,NA,NA,"Guinea","Alive","https://www.osac.gov/Content/Report/d977b9ce-f10f-4a60-acf9-184c9fa76d6d",NA,NA,NA,NA,NA,NA,NA,NA,NA
