"","case_id","origin_case_id","date","age","gender","city","province/state","country","current_status","source","symptoms","date_onset_symptoms","date_admission_hospital","date_confirmation","underlying_conditions","travel_history_dates","travel_history_location","death_date","notes_for_discussion"
"1",1,NA,2020-03-14,NA,NA,"Perseverance",NA,"Seychelles","Alive","https://www.reuters.com/article/health-coronavirus-seychelles/corrected-seychelles-confirms-two-coronavirus-cases-health-commissioner-idUSL8N2B70SE",NA,NA,NA,2020-03-14,NA,NA,"Italy",NA,NA
"2",2,NA,2020-03-14,NA,NA,"Perseverance",NA,"Seychelles","Alive","https://www.instagram.com/dohseychelles/",NA,NA,NA,2020-03-14,NA,NA,"Italy",NA,NA
"3",3,NA,2020-03-15,NA,"male","Perseverance",NA,"Seychelles","Alive","http://www.health.gov.sc/index.php/2020/03/16/seychelles-records-new-positive-case-for-covid-19-and-announces-school-closures/",NA,NA,NA,2020-03-15,NA,"2020/03/11","Netherlands",NA,NA
"4",4,NA,2020-03-16,NA,"female","Perseverance",NA,"Seychelles","Alive","https://www.instagram.com/dohseychelles/",NA,NA,NA,2020-03-16,NA,NA,NA,NA,NA
"5",5,NA,2020-03-18,NA,NA,NA,NA,"Seychelles","Alive","http://www.seychellesnewsagency.com/articles/12610/Seychelles+and+COVID-++cases+now+confirmed; https://defimedia.info/covid-19-une-mauricienne-testee-positive-aux-seychelles",NA,NA,NA,2020-03-18,NA,"2020/03/12",NA,NA,NA
"6",6,NA,2020-03-18,NA,NA,"Wife of Ukrainian case",NA,"Seychelles","Alive","http://www.seychellesnewsagency.com/articles/12610/Seychelles+and+COVID-++cases+now+confirmed; https://defimedia.info/covid-19-une-mauricienne-testee-positive-aux-seychelles",NA,NA,NA,2020-03-18,NA,NA,NA,NA,NA
"7",7,NA,2020-03-20,NA,NA,"Contact",NA,"Seychelles","Alive","http://www.seychellesnewsagency.com/articles/12624/Seychelles+and+COVID-+US%2C+Australian+nationals%2C+foreign+yachts+banned%3B+th+case+confirmed",NA,NA,NA,2020-03-20,NA,NA,NA,NA,NA
