"","case_id","origin_case_id","date","age","gender","city","province/state","country","current_status","source","symptoms","date_onset_symptoms","date_admission_hospital","date_confirmation","underlying_conditions","travel_history_dates","travel_history_location","death_date","notes_for_discussion"
"1",1,NA,2020-03-13,74,"male","Bangui",NA,"Central African Republic","Alive","http://www.china.org.cn/world/2020-03/15/content_75816125.htm; https://nationalpost.com/pmn/health-pmn/central-african-republic-confirms-first-coronavirus-case-who",NA,"2020/03/08",NA,2020-03-13,NA,NA,"Italy",NA,NA
"2",2,NA,2020-03-21,NA,NA,NA,NA,"Central African Republic",NA,"https://www.who.int/docs/default-source/coronaviruse/situation-reports/20200322-sitrep-62-covid-19.pdf?sfvrsn=755c76cd_2",NA,NA,NA,2020-03-21,NA,NA,NA,NA,NA
"3",3,NA,2020-03-21,NA,NA,NA,NA,"Central African Republic",NA,"https://www.who.int/docs/default-source/coronaviruse/situation-reports/20200322-sitrep-62-covid-19.pdf?sfvrsn=755c76cd_2",NA,NA,NA,2020-03-21,NA,NA,NA,NA,NA
"4",4,NA,2020-03-22,NA,NA,NA,NA,"Central African Republic",NA,"https://www.who.int/docs/default-source/coronaviruse/situation-reports/20200323-sitrep-63-covid-19.pdf?sfvrsn=b617302d_4",NA,NA,NA,2020-03-22,NA,NA,NA,NA,NA
"5",5,NA,2020-03-26,NA,NA,NA,NA,"Central African Republic",NA,"https://www.who.int/docs/default-source/coronaviruse/situation-reports/20200327-sitrep-67-covid-19.pdf?sfvrsn=b65f68eb_4",NA,NA,NA,2020-03-26,NA,NA,NA,NA,NA
"6",6,NA,2020-03-27,NA,NA,NA,NA,"Central African Republic",NA,"https://www.who.int/docs/default-source/coronaviruse/situation-reports/20200327-sitrep-67-covid-19.pdf?sfvrsn=b65f68eb_4",NA,NA,NA,2020-03-27,NA,NA,NA,NA,NA
