"","case_id","origin_case_id","date","age","gender","city","province/state","country","current_status","source","symptoms","date_onset_symptoms","date_admission_hospital","date_confirmation","underlying_conditions","travel_history_dates","travel_history_location","death_date","notes_for_discussion"
"1",1,NA,2020-03-17,49,"male","Burkinabe",NA,"Benin","Alive","https://www.africanews.com/2020/03/16/four-african-countries-confirmed-first-coronavirus-cases-in-a-day-list//",NA,NA,NA,2020-03-17,NA,"2020/03/12","Burkina Faso, Belgium",NA,NA
"2",2,NA,2020-03-17,21,"female","Cotonou",NA,"Benin","Alive","https://www.gouv.bj/app_olasoft_dev.php/actualite/557/coronavirus---confirmation-2eme-benin/",NA,"2020/03/13",NA,2020-03-17,NA,"2020/03/11","Germany",NA,"German; importation=Y; transmission_type=NA; detected_through=Self presentation"
"3",3,NA,2020-03-22,41,"male",NA,NA,"Benin","Alive","https://lanouvelletribune.info/2020/03/coronavirus-le-benin-compte-au-total-cinq-cas-confirmes-ministre-de-la-sante/",NA,NA,NA,2020-03-22,NA,"2020/03/08","Ivory Coast",NA,NA
"4",4,NA,2020-03-22,56,"male",NA,NA,"Benin","Alive","https://lanouvelletribune.info/2020/03/coronavirus-le-benin-compte-au-total-cinq-cas-confirmes-ministre-de-la-sante/",NA,NA,NA,2020-03-22,NA,NA,"Ivory Coast, Togo",NA,NA
"5",5,NA,2020-03-22,18,"male",NA,NA,"Benin","Alive","https://lanouvelletribune.info/2020/03/coronavirus-le-benin-compte-au-total-cinq-cas-confirmes-ministre-de-la-sante/",NA,NA,NA,2020-03-22,NA,NA,NA,NA,NA
