"","case_id","origin_case_id","date","age","gender","city","province/state","country","current_status","source","symptoms","date_onset_symptoms","date_admission_hospital","date_confirmation","underlying_conditions","travel_history_dates","travel_history_location","death_date","notes_for_discussion"
"1",1,NA,2020-03-19,NA,NA,NA,NA,"Chad",NA,"https://www.aa.com.tr/en/africa/chad-confirms-its-first-covid-19-case/1772414; https://www.who.int/docs/default-source/coronaviruse/situation-reports/20200327-sitrep-67-covid-19.pdf?sfvrsn=b65f68eb_4",NA,NA,NA,2020-03-19,NA,NA,"Cameroon",NA,"Moroccan national; importation=Y; transmission_type=NA; detected_through=Active monitoring"
"2",2,NA,2020-03-23,NA,NA,NA,NA,"Chad",NA,"https://www.who.int/docs/default-source/coronaviruse/situation-reports/20200324-sitrep-64-covid-19.pdf?sfvrsn=723b221e_2; https://www.who.int/docs/default-source/coronaviruse/situation-reports/20200327-sitrep-67-covid-19.pdf?sfvrsn=b65f68eb_4",NA,NA,NA,2020-03-23,NA,NA,NA,NA,NA
"3",3,NA,2020-03-23,NA,NA,NA,NA,"Chad",NA,"https://www.who.int/docs/default-source/coronaviruse/situation-reports/20200324-sitrep-64-covid-19.pdf?sfvrsn=723b221e_2",NA,NA,NA,2020-03-23,NA,NA,NA,NA,NA
"4",4,NA,2020-03-26,NA,NA,NA,NA,"Chad",NA,"https://www.who.int/docs/default-source/coronaviruse/situation-reports/20200327-sitrep-67-covid-19.pdf?sfvrsn=b65f68eb_4",NA,NA,NA,2020-03-26,NA,NA,NA,NA,NA
"5",5,NA,2020-03-26,NA,NA,NA,NA,"Chad",NA,"https://www.who.int/docs/default-source/coronaviruse/situation-reports/20200327-sitrep-67-covid-19.pdf?sfvrsn=b65f68eb_4",NA,NA,NA,2020-03-26,NA,NA,NA,NA,NA
