Column1;case_id;origin_case_id;date;age;gender;city;province/state;country;current_status;source;symptoms;date_onset_symptoms;date_admission_hospital;date_confirmation;underlying_conditions;travel_history_dates;travel_history_location;death_date;notes_for_discussion
1;1;NA;10/03/2020;NA;female;Ouagadougou;Kadiogo;Burkina Faso;Recovered;https://www.aa.com.tr/en/africa/burkina-faso-confirms-first-two-cases-of-covid-19/1760201, https://www.sante.gov.bf/detail?tx_news_pi1%5Baction%5D=detail&tx_news_pi1%5Bcontroller%5D=News&tx_news_pi1%5Bnews%5D=172&cHash=41336a3e87e036287ce17e6c6ecb67e3;NA;2020/02/28;NA;10/03/2020;NA;NA;France;NA;NA
3;3;NA;14/03/2020;NA;male;HoundÈ;Kadiogo;Burkina Faso;NA;https://finance.yahoo.com/news/endeavour-provides-statement-covid-19-132336182.html;NA;NA;NA;14/03/2020;NA;NA;United Kingdom;NA;NA
8;8;NA;18/03/2020;NA;NA;Bobo-Dioulasso;Oue;Burkina Faso;NA;"https://www.sante.gov.bf/detail?tx_news_pi1%5Baction%5D=detail&tx_news_pi1%5Bcontroller%5D=News&tx_news_pi1%5Bnews%5D=184&cHash=fc0dc12436a704239846c5d8de562a8a; https://www.who.int/docs/default-source/coronaviruse/situation-reports/20200318-sitrep-58-covid-19.pdf?sfvrsn=20876712_2";NA;NA;NA;18/03/2020;NA;NA;NA;NA;NA
43;43;NA;21/03/2020;NA;NA;Boromo;Bal�;Burkina Faso;NA;https://www.sante.gov.bf/fileadmin/user_upload/storages/images/accueil/communique_gouvernement_covid19-1__2_.jpg;NA;NA;NA;21/03/2020;NA;NA;NA;NA;NA
45;45;NA;21/03/2020;NA;NA;DÈdougou;Bal�;Burkina Faso;NA;https://www.sante.gov.bf/fileadmin/user_upload/storages/images/accueil/communique_gouvernement_covid19-1__2_.jpg;NA;NA;NA;21/03/2020;NA;NA;NA;NA;NA
65;65;NA;22/03/2020;NA;NA;;;Burkina Faso;NA;https://qz.com/africa/1822890/coronavirus-four-government-ministers-infected-in-burkina-faso/;NA;NA;NA;22/03/2020;NA;NA;NA;NA;NA
