"","case_id","origin_case_id","date","age","gender","city","province/state","country","current_status","source","symptoms","date_onset_symptoms","date_admission_hospital","date_confirmation","underlying_conditions","travel_history_dates","travel_history_location","death_date","notes_for_discussion"
"1",1,NA,2020-03-22,75,"male",NA,NA,"Mozambique","Alive","https://nationalpost.com/pmn/health-pmn/mozambique-confirms-first-coronavirus-case",NA,NA,NA,2020-03-22,NA,NA,"UK",NA,NA
"2",2,NA,2020-03-24,70,"female",NA,NA,"Mozambique","Alive","http://www.misau.gov.mz/index.php/101-covid-19-subiu-para-tres-o-numero-de-casos-de-infeccao-com-o-coronavirus-em-mocambique",NA,NA,NA,2020-03-24,NA,NA,NA,NA,NA
"3",3,NA,2020-03-24,30,NA,"Maputo",NA,"Mozambique","Alive","http://www.misau.gov.mz/index.php/101-covid-19-subiu-para-tres-o-numero-de-casos-de-infeccao-com-o-coronavirus-em-mocambique",NA,NA,NA,2020-03-24,NA,"2020/03/15","South Africa",NA,NA
"4",4,NA,2020-03-25,30,"male","Maputo",NA,"Mozambique","Alive","http://www.misau.gov.mz/index.php/102-covid-19-subiu-para-tres-o-numero-de-casos-de-infeccao-com-o-coronavirus-em-mocambique-2",NA,NA,NA,2020-03-25,NA,"early March","Portugal",NA,NA
"5",5,NA,2020-03-25,30,"male","Maputo",NA,"Mozambique","Alive","http://www.misau.gov.mz/index.php/102-covid-19-subiu-para-tres-o-numero-de-casos-de-infeccao-com-o-coronavirus-em-mocambique-2",NA,NA,NA,2020-03-25,NA,NA,"UAE",NA,NA
"6",6,NA,2020-03-26,NA,NA,NA,NA,"Mozambique","Alive","http://www.misau.gov.mz/index.php/103-covid-19-subiu-para-tres-o-numero-de-casos-de-infeccao-com-o-coronavirus-em-mocambique-3",NA,NA,NA,2020-03-26,NA,NA,NA,NA,NA
"7",7,NA,2020-03-26,NA,NA,NA,NA,"Mozambique","Alive","http://www.misau.gov.mz/index.php/103-covid-19-subiu-para-tres-o-numero-de-casos-de-infeccao-com-o-coronavirus-em-mocambique-3",NA,NA,NA,2020-03-26,NA,NA,NA,NA,NA
