"","case_id","origin_case_id","date","age","gender","city","province/state","country","current_status","source","symptoms","date_onset_symptoms","date_admission_hospital","date_confirmation","underlying_conditions","travel_history_dates","travel_history_location","death_date","notes_for_discussion"
"1",1,NA,2020-03-20,38,"male","Victoria Falls",NA,"Zimbabwe","Alive","https://apnews.com/9634f62c20a5926b4ad94f5d301b1c5c",NA,NA,NA,2020-03-20,NA,"2020/03/15","UK",NA,"Self quarantined, reported symptoms; self-isolating at home; importation=Y; transmission_type=NA; detected_through=Self-presentation"
"2",2,NA,2020-03-21,30,"male","Harare",NA,"Zimbabwe","Deceased","https://www.enca.com/news/zimbabwe-confirms-second-covid-19-case; https://www.news24.com/SouthAfrica/News/journalist-zororo-makamba-becomes-zimbabwes-first-covid-19-death-20200323",NA,"2020/03/12",NA,2020-03-21,NA,"2020/03/09","US",NA,"Sick in self-isolation until 3/19/20 with worsening symptoms; Health and Child Care Minister Obediah Moyo; importation=Y; transmission_type=NA; detected_through=Self-presentation"
"3",3,NA,2020-03-24,52,"male","Harare",NA,"Zimbabwe","Alive","https://pbs.twimg.com/media/EUMP6V_XgAA43_j?format=jpg&name=medium",NA,NA,NA,2020-03-24,NA,"2020/03/15","UAE",NA,NA
"4",4,NA,2020-03-26,24,"female","Harare",NA,"Zimbabwe","Alive","https://pbs.twimg.com/media/EUMP6V_XgAA43_j?format=jpg&name=medium",NA,NA,NA,2020-03-26,NA,NA,"US",NA,NA
"5",5,NA,2020-03-26,30,"male","Harare",NA,"Zimbabwe","Alive","https://pbs.twimg.com/media/EUMP6V_XgAA43_j?format=jpg&name=medium",NA,NA,NA,2020-03-26,NA,NA,NA,NA,NA
"6",6,NA,2020-03-27,40,"female","Harare",NA,"Zimbabwe","Alive","https://pbs.twimg.com/media/EUMP6V_XgAA43_j?format=jpg&name=medium",NA,NA,NA,2020-03-27,NA,NA,NA,NA,NA
"7",7,NA,2020-03-27,24,"female","Harare",NA,"Zimbabwe","Alive","https://pbs.twimg.com/media/EUMP6V_XgAA43_j?format=jpg&name=medium",NA,NA,NA,2020-03-27,NA,NA,NA,NA,NA
