"","case_id","origin_case_id","date","age","gender","city","province/state","country","current_status","source","symptoms","date_onset_symptoms","date_admission_hospital","date_confirmation","underlying_conditions","travel_history_dates","travel_history_location","death_date","notes_for_discussion"
"1",1,NA,2020-03-14,NA,"male","Windhoek",NA,"Namibia","Recovered","https://www.bloomberg.com/news/articles/2020-03-14/namibia-says-couple-visiting-from-spain-test-positive-for-virus; https://neweralive.na/posts/corona-mayhem",NA,NA,NA,2020-03-14,NA,"2020/03/11","Spain",NA,NA
"2",2,NA,2020-03-14,NA,"female","Windhoek",NA,"Namibia","Recovered","https://www.bloomberg.com/news/articles/2020-03-14/namibia-says-couple-visiting-from-spain-test-positive-for-virus; https://neweralive.na/posts/corona-mayhem",NA,NA,NA,2020-03-14,NA,"2020/03/11","Spain",NA,NA
"3",3,NA,2020-03-19,61,"male",NA,NA,"Namibia","Alive","https://neweralive.na/posts/covid-19-third-case-confirmed-in-namibia",NA,NA,NA,2020-03-19,NA,"2020/03/13","Netherlands, Zimbabwe",NA,NA
"4",4,NA,2020-03-23,19,NA,"Windhoek",NA,"Namibia","Alive","https://www.africanews.com/2020/03/23/namibia-coronavirus-update-on-covid-19-in-namibia/",NA,"2020/03/19",NA,2020-03-23,NA,"2020/03/18","UK",NA,"Namibian, self-presenting to local doctor; importation=Y; transmission_type=NA; detected_through=Self-presentation"
"5",5,NA,2020-03-24,44,"male",NA,NA,"Namibia","Alive","https://www.cnbcafrica.com/apo/2020/03/24/coronavirus-namibia-update-an-covid-19-in-namibia-24-march-2020/",NA,NA,NA,2020-03-24,NA,"2020/02/13","South Africa",NA,NA
"6",6,NA,2020-03-24,21,"male",NA,NA,"Namibia","Alive","https://www.cnbcafrica.com/apo/2020/03/24/coronavirus-namibia-update-an-covid-19-in-namibia-24-march-2020/",NA,NA,NA,2020-03-24,NA,"2020/03/24","South Africa",NA,NA
