Column1;case_id;origin_case_id;date;age;gender;city;province/state;country;current_status;source;symptoms;date_onset_symptoms;date_admission_hospital;date_confirmation;underlying_conditions;travel_history_dates;travel_history_location;death_date;notes_for_discussion
1;1;NA;19/03/2020;62;male;Boa Vista;Barlovento;Cabo Verde;Deceased;"http://www.xinhuanet.com/english/2020-03/20/c_138898853.htm; https://www.malaymail.com/news/world/2020/03/24/british-tourist-dies-in-cape-verde-after-contracting-covid-19/1849850";NA;2020/03/16;NA;19/03/2020;NA;2020/03/09;UK;NA;NA
2;2;NA;21/03/2020;62;NA;Boa Vista;Barlovento;Cabo Verde;Alive;"http://www.xinhuanet.com/english/2020-03/21/c_138902968.htm; https://lifestyle.sapo.cv/saude/noticias-saude/artigos/mais-dois-casos-suspeitos-do-novo-coronavirus-um-em-sao-vicente-e-outro-na-boa-vista";NA;NA;NA;21/03/2020;NA;NA;NA;NA;NA
3;3;NA;21/03/2020;60;NA;Boa Vista;Barlovento;Cabo Verde;Alive;"http://www.xinhuanet.com/english/2020-03/21/c_138902968.htm; https://lifestyle.sapo.cv/saude/noticias-saude/artigos/mais-dois-casos-suspeitos-do-novo-coronavirus-um-em-sao-vicente-e-outro-na-boa-vista";NA;NA;NA;21/03/2020;NA;NA;Netherlands;NA;NA
4;4;NA;25/03/2020;43;male;Praia;Santiago;Cabo Verde;Alive;"http://www.china.org.cn/world/Off_the_Wire/2020-03/25/content_75859591.htm; https://www.minsaude.gov.cv/";NA;NA;NA;25/03/2020;NA;2020/03/18;France, Portugal;NA;NA
