Column1;case_id;origin_case_id;date;age;gender;city;province/state;country;current_status;source;symptoms;date_onset_symptoms;date_admission_hospital;date_confirmation;underlying_conditions;travel_history_dates;travel_history_location;death_date;notes_for_discussion
1;1;NA;21/03/2020;39;NA;Asmara International Airport;NA;Eritrea;Alive;https://twitter.com/hawelti?ref_src=twsrc%5Egoogle%7Ctwcamp%5Eserp%7Ctwgr%5Eauthor;NA;NA;NA;21/03/2020;NA;21/03/2020;Norway;NA;"Eritrean, detected at airport; importation=Y; transmission_type=NA; detected_through=Active monitoring"
2;2;NA;25/03/2020;NA;NA;Asmara International Airport;NA;Eritrea;Alive;http://www.shabait.com/news/local-news/30355-ministry-of-health-public-announcement-no-4;NA;NA;NA;25/03/2020;NA;23/03/2020;UAE;NA;"Eritrean, detected at airport; importation=Y; transmission_type=NA; detected_through=Active monitoring"
3;3;NA;25/03/2020;NA;NA;Asmara International Airport;NA;Eritrea;Alive;http://www.shabait.com/news/local-news/30355-ministry-of-health-public-announcement-no-4;NA;NA;NA;25/03/2020;NA;23/03/2020;UAE;NA;"Eritrean, detected at airport; importation=Y; transmission_type=NA; detected_through=Active monitoring"
4;4;NA;25/03/2020;NA;NA;Asmara International Airport;NA;Eritrea;Alive;http://www.shabait.com/news/local-news/30355-ministry-of-health-public-announcement-no-4;NA;NA;NA;25/03/2020;NA;23/03/2020;UAE;NA;"Eritrean, detected at airport; importation=Y; transmission_type=NA; detected_through=Active monitoring"
5;5;NA;26/03/2020;NA;NA;NA;NA;Eritrea;Alive;http://shabait.com/news/local-news/30367-ministry-of-health-public-announcement-no-5;NA;NA;NA;26/03/2020;NA;23/03/2020;UAE;NA;"Quarantined passenger of Air Arabia; importation=Y; transmission_type=NA; detected_through=Active monitoring"
6;6;NA;26/03/2020;NA;NA;NA;NA;Eritrea;Alive;http://shabait.com/news/local-news/30367-ministry-of-health-public-announcement-no-5;NA;NA;NA;26/03/2020;NA;23/03/2020;UAE;NA;"Quarantined passenger of Air Arabia; importation=Y; transmission_type=NA; detected_through=Active monitoring"
