Column1;case_id;origin_case_id;date;age;gender;city;province/state;country;current_status;source;symptoms;date_onset_symptoms;date_admission_hospital;date_confirmation;underlying_conditions;travel_history_dates;travel_history_location;death_date;notes_for_discussion
1;1;NA;13/03/2020;27;NA;Akanda;Estuaire;Gabon;Alive;https://www.africanews.com/2020/03/14/covid-19-gabon-shuts-stops-issuing-tourist-visas-to-citizens-of-hardest-hit//;NA;NA;NA;13/03/2020;NA;NA;France;NA;NA
2;2;NA;17/03/2020;29;female;Akanda;Estuaire;Gabon;Alive;http://info241.com/coronavirus-au-gabon-2-nouveaux-cas-confirmes-et-22-personnes,4965;NA;2020/03/14;NA;17/03/2020;NA;NA;NA;NA;"Contact of Case 1; contact on 3/8; border police officer at airport who checked passport of case 1; importation=N; transmission_type=Contact; detected_through=Active monitoring"
3;3;NA;17/03/2020;49;female;Akanda;Estuaire;Gabon;Alive;"http://www.xinhuanet.com/english/2020-03/18/c_138889956.htm; http://info241.com/coronavirus-au-gabon-2-nouveaux-cas-confirmes-et-22-personnes,4965";NA;NA;NA;17/03/2020;NA;2020/03/10;France;NA;NA
4;4;NA;19/03/2020;50;male;Akanda;Estuaire;Gabon;Deceased;"http://www.xinhuanet.com/english/2020-03/18/c_138889956.htm; http://info241.com/le-gabon-declare-son-premier-deces-de-patient-atteint-de,4972";NA;2020/03/15;NA;19/03/2020;NA;2020/03/15;France;NA;"Diabetes, hypertension; importation=Y; transmission_type=NA; detected_through=Self presentation"
5;5;NA;22/03/2020;45;male;Libreville;Estuaire;Gabon;Alive;https://www.gabonreview.com/covid-19-le-gabon-enregistre-son-6e-cas-positif/;NA;2020/03/13;NA;22/03/2020;NA;2020/03/11;Senegal;NA;"Togolese national; tired with fever that progressed to persistent cough; importation=Y; transmission_type=NA; detected_through=Self-presentation"
6;6;NA;22/03/2020;42;male;Louis;Estuaire;Gabon;Alive;https://www.gabonreview.com/covid-19-le-gabon-enregistre-son-6e-cas-positif/;NA;2020/03/19;NA;22/03/2020;NA;2020/03/19;France;NA;"Confined himself at the Hibiscus hotel in Louis then to that of the Boulevard Triomphal.; importation=Y; transmission_type=NA; detected_through=Self-presentation"
