",""case_id"",""origin_case_id"",""date"",""age"",""gender"",""city"",""province/state"",""country"",""current_status"",""source"",""symptoms"",""date_onset_symptoms"",""date_admission_hospital"",""date_confirmation"",""underlying_conditions"",""travel_history_dates"",""travel_history_location"",""death_date"",""notes_for_discussion""";;;
"1,1,NA,2020-03-13,50,""male"",""Khartoum"",NA,""Sudan"",""Deceased"",""https://www.aa.com.tr/en/africa/sudan-declares-health-emergency-over-coronavirus/1768166"",NA,NA,NA,2020-03-13,NA,NA,""United Arab Emirates"",NA,NA";;;
"2,2,NA,2020-03-20,40,""male"",""Khartoum"",NA,""Sudan"",""Alive"",""https://www.usnews.com/news/world/articles/2020-03-20/sudan-confirms-second-coronavirus-case-khartoum-bans-mass-gatherings";" https://www.dabangasudan.org/en/all-news/article/new-coronavirus-case-confirmed-in-sudan-capital"",NA,NA,NA,2020-03-20,NA,NA,""Asia"",NA,NA";;
"3,3,NA,2020-03-24,NA,NA,""Khartoum"",NA,""Sudan"",""Alive"",""https://www.dabangasudan.org/en/all-news/article/new-coronavirus-case-confirmed-in-sudan-capital"",NA,NA,NA,2020-03-24,NA,""2020/03/21"",""Asia"",NA,NA";;;
"4,4,NA,2020-03-27,NA,""male"",""Khartoum"",NA,""Sudan"",""Alive"",""https://www.sudantribune.com/spip.php?article69153"",NA,""2020/03/25"",NA,2020-03-27,NA,""2020/03/20"",""France"",NA,""Sudanese"; importation=Y; transmission_type=NA;" detected_through=Self-presentation"""
"5,5,NA,2020-03-27,NA,""male"",""Khartoum"",NA,""Sudan"",""Alive"",""https://www.sudantribune.com/spip.php?article69153"",NA,""2020/03/27"",NA,2020-03-27,NA,""2020/03/21"",""UAE"",NA,""Sudanese"; importation=Y; transmission_type=NA;" detected_through=Self-presentation"""
